bedrooms;bathrooms;sqft_living;sqft_lot;floors;yr_built;price
5;2.75;3595;5639;2;2014;861990
3;1.75;1540;1044;3;2014;549000
3;3.5;1590;1102;3;2010;518500
3;2.5;2010;2287;2;2014;453246
3;2.25;1170;1249;3;2014;519950
3;2.5;2440;4587;2;2010;677900
3;2.25;1270;1566;2;2014;625504
4;2.75;3820;26300;2;2014;770000
5;2.75;3150;7119;2;2013;819900
4;3.5;3040;8414;2;2010;684000
3;2.5;2110;5608;1;2013;604950
3;2.25;1860;5028;2;2012;355000
4;2.75;3390;6298;2;2011;859900
3;2.5;2870;5163;2;2014;880000
3;2.5;1805;3402;2;2009;266000
4;4;6050;84942;2.5;2009;930000
3;2.5;1660;1458;3;2014;559950
3;2.5;1660;1091;3;2015;729500
5;2.75;2990;6768;2;2014;802541
3;2.75;2090;8354;2;2012;403000
4;2.5;2156;3562;2;2012;347500
2;2.5;2380;6600;1;2010;699800
3;1.5;1240;1221;2;2009;320000
3;3.25;2660;17852;2.5;2014;379000
3;3.5;2480;3200;2;2010;910000
4;3.5;3810;13592;1;2013;839900
2;2.75;1370;1140;2;2009;359000
2;2.75;1760;4139;2;2010;420000
3;2.25;1422;3677;2;2012;245000
2;2.5;1380;1073;2;2011;285000
4;2.5;2820;6180;2;2013;735000
2;2;920;1201;2;2009;363000
3;3.5;1810;1846;2;2009;625000
3;2.5;1981;5700;2;2010;303700
4;2.5;2740;7571;2;2009;706000
3;3.5;1820;1991;2;2014;499950
3;2.5;1690;1200;2;2013;409900
3;2.5;2660;4975;2;2014;599950
4;4;3570;8250;2;2015;597326
5;2.75;2830;6137;2;2010;820000
3;2.5;1710;3795;2;2009;411753
6;4;4470;17877;3;2013;598800
3;2.25;2190;2416;3;2014;719950
2;2.75;1370;1140;2;2009;369950
3;2.25;1552;3600;2;2012;282000
3;2.25;1260;1488;3;2009;275000
4;2.5;1580;3632;2;2011;299900
1;1;710;6000;1.5;2015;385195
5;3.5;3700;5400;2;2011;830000
3;2.5;2160;3920;2;2014;856000
5;3.5;3130;4797;2;2014;866059
4;3.5;3915;6364;2;2014;963990
3;2.25;1530;4580;2;2011;335000
4;3;2940;7108;2;2011;870000
4;2.5;2900;6736;2;2013;527000
2;2;1140;1118;2;2009;247300
3;2.5;1553;1991;3;2014;412000
3;2.25;2170;5001;2;2014;802000
4;3.5;3210;5000;3;2014;889000
3;3;2640;5978;2;2012;535000
3;2.5;1640;1269;3;2009;579000
4;3.5;3080;4945;2;2014;866500
3;2.75;1670;1350;3;2014;589950
3;2.5;1450;4106;2;2011;279000
4;2.5;2560;5428;2;2012;350000
3;2.25;1670;1396;2;2015;631000
4;2.5;2154;6050;2;2012;335000
4;2.5;2680;4548;2;2009;750000
4;3.75;1980;4095;2;2009;912000
3;2.5;1500;1375;2;2014;649950
3;2.25;1990;4977;3;2012;715000
3;2.5;1610;1246;2;2014;659950
3;2;1890;1599;2;2012;458500
4;2.75;2890;7821;2;2014;978000
4;2;2470;1831;2;2009;305000
3;2.5;1690;1618;2;2014;372977
2;1.75;1210;1040;2;2014;357186
5;3.25;4115;7910;2;2014;988830
4;2.5;2930;8679;2;2014;635000
3;2.5;1840;5011;2;2012;317000
3;2.5;2010;2386;2;2014;479990
2;2.5;2270;1763;3;2009;656000
4;3.5;3695;6556;2;2014;994900
4;2.75;3010;7427;2;2010;800000
4;2.5;3370;7200;2;2014;890000
4;2.5;1540;1994;2;2014;439990
4;2.5;2038;7643;2;2011;319950
3;2.5;1690;1613;2;2014;386591
3;2.5;2080;3920;2;2010;448500
5;2.75;2844;3990;2;2013;359950
5;4;3460;5400;2;2012;980000
2;2.25;1230;1280;2;2012;387000
3;2.5;2160;8809;1;2014;730000
2;1.75;1210;1032;2;2014;357562
4;2.5;2811;7251;2;2009;455000
4;2.75;3090;6200;2;2014;908950
2;2;1450;989;3;2014;680000
1;1;1160;64469;1;2009;440000
3;2.25;1380;3015;2;2009;435000
5;2.75;3360;9200;2;2014;738515
3;1.75;1255;1113;3;2010;360000
5;2.5;2130;8428;2;2013;380000
3;3.5;1730;1349;3;2009;635000
4;2.5;2930;8641;2;2010;750000
5;4.5;4440;9784;2;2012;600000
4;2.5;2130;4750;2;2009;370000
2;2.5;1700;2513;2;2009;378000
3;2.5;1260;1622;3;2009;305000
3;2.5;2070;4689;2;2013;359500
3;2.5;1990;3644;2;2010;318200
3;2.25;1340;873;3;2009;303000
4;2.5;1910;1502;3;2014;630000
4;2.75;2990;4298;2;2014;779950
3;2.25;1210;1250;3;2014;520000
3;2.5;1260;895;3;2009;305000
3;2.75;2310;1850;2;2011;713000
4;3.75;3280;6000;2;2014;928950
4;2.5;2440;4000;2;2009;350000
5;2.75;2730;6401;2;2015;614285
3;2.5;1330;2180;3;2014;539950
3;2.5;2020;4183;2;2012;321000
4;2.5;3150;5886;2;2014;580135
4;2.75;2500;4950;2;2010;680000
3;2.5;1509;1114;3;2014;401500
4;2.5;3070;6923;2;2009;860000
5;4.25;3380;7805;2;2014;569950
2;1.5;1200;1259;2;2015;455000
5;3;3480;6625;2;2012;590000
4;2.5;1990;2660;2;2012;537000
3;3.25;1220;1281;2;2014;526000
4;2.75;2920;6605;2;2012;625000
7;4;3150;7800;2;2013;450000
2;2.25;1100;1695;2;2009;374000
3;2.75;1770;3172;2;2009;415000
2;2;1750;2731;2;2012;394000
3;2.5;2480;5007;2;2014;775000
4;2.5;2610;4781;2;2009;335000
3;2.25;1520;1221;3;2013;565000
3;2.25;1370;1533;3;2009;315000
5;2.75;2600;8160;2;2015;628000
4;2.5;1996;4547;2;2009;285000
5;3.25;3830;6507;2;2014;955990
3;2.5;2380;3332;2;2014;650000
4;3.5;3130;52322;2;2011;975000
2;2.5;1370;1140;2;2009;355000
3;2.5;1740;1251;2;2012;601000
3;2.5;1690;1609;2;2014;404763
3;3;1560;2250;2;2009;503045
3;2.5;1690;1613;2;2014;413565
4;2.75;3350;5416;2;2014;790500
4;2.75;3120;5000;2;2010;800000
3;2;1560;1156;3;2014;500000
4;3.5;3790;6874;2.5;2010;875000
4;2.5;2810;6296;2;2013;487500
3;2.5;2100;6092;2;2013;554990
3;2.25;1310;1264;3;2014;514950
4;2.75;2840;4227;3;2014;784950
4;3.25;3830;6765;2;2014;963990
5;3;2100;7715;1;2013;330000
3;2.75;1670;1350;3;2014;649950
3;2.5;2670;12806;2;2010;430000
3;2.5;1690;1689;2;2014;419990
5;2.5;3280;6553;2;2012;594950
4;2.75;3440;8150;2;2014;730000
5;3.75;3090;7415;2;2014;540500
4;2.75;3660;5637;2;2014;839990
2;1.75;1210;1189;2;2014;351358
3;2.5;2010;2212;2;2014;472217
4;2.5;2200;6018;2;2010;396800
4;2.5;2382;5899;2;2011;345000
3;2.5;1650;4725;2;2011;299000
3;2.5;2440;4244;2;2011;729000
3;3.25;1830;1804;3;2014;599950
4;3.25;2590;3889;3;2013;760000
3;1.75;1480;800;2;2014;469000
4;2.75;2990;6626;2;2014;814950
2;1.5;1130;746;2;2009;536000
3;2.5;1680;1620;2;2014;629950
3;3.25;2320;6744;2;2014;674000
3;3.5;1820;1501;2;2014;499950
2;2;1850;4667;1;2010;589000
2;2.25;2550;5663;1;2011;630000
2;2.75;2700;9854;1;2012;850000
4;2.5;1540;1860;2;2014;491234
3;2.5;1180;1262;3;2010;472000
3;2.5;1780;4650;2;2011;299950
2;2.25;1330;806;3;2009;527700
4;2.5;2820;8408;2;2014;625000
4;2.5;1640;6000;2;2011;464950
3;2.5;2200;3360;2;2009;433500
2;1.75;1170;976;2;2010;530000
4;2.75;2450;4187;2;2010;735000
4;2.75;2520;6398;2;2014;642860
4;2.5;3100;7250;2;2010;967000
5;2.75;2166;6342;2;2013;326000
4;2.75;3130;8920;2;2014;690500
3;3;1320;1012;3;2009;510000
2;2.25;1390;1222;3;2009;465000
3;3.5;1700;2197;2;2010;585000
5;3.25;2440;15815;2;2014;680000
5;3;2640;5096;2;2009;910000
4;2.75;2730;4268;2;2009;905000
3;2.5;2010;2778;2;2014;462608
3;2.25;1270;1406;2;2014;594000
4;2.75;2170;5988;2;2014;551000
3;2.75;1810;3292;2;2014;384205
4;2.5;2150;4000;2;2010;339950
4;2.5;2570;4557;2;2009;360000
4;2.5;1677;7209;2;2011;295000
4;3;3220;6224;1.5;2009;584950
5;3.25;3290;6422;2;2012;810000
4;2.25;1660;3200;2;2011;300000
5;3;2570;5590;1;2009;540000
3;2.75;1830;1850;2;2011;593000
3;2.5;2620;4558;2;2010;277500
3;2.5;1620;1377;2;2009;640000
4;2.25;2770;5320;2;2013;950000
2;2.25;1530;1324;2;2010;546000
3;2.5;2010;2261;2;2014;550000
4;3.25;3140;3680;2;2009;760000
4;2.5;2100;3916;2;2009;346000
2;2.25;1570;1269;2;2015;500000
4;2.5;1981;4828;2;2013;299999
4;2.5;2540;4241;2;2009;717000
2;1.5;1180;834;3;2009;325000
3;2.5;1720;6200;2;2014;255000
4;2.25;2040;7031;2;2012;670000
4;2.5;2007;4968;2;2009;305950
2;2.5;1480;1369;3;2009;420000
4;2.75;1890;1475;2;2015;671000
4;2.5;2650;6240;2;2013;702000
2;1;980;1600;2;2010;447000
4;2.5;3100;5700;2;2011;499000
5;3.25;3920;4832;2;2014;616200
3;2.75;1250;892;2;2010;450000
3;2.5;1980;3128;2;2009;615000
4;2.25;1677;3600;2;2012;281000
2;1.5;820;1270;2;2009;365000
4;2.5;2310;6650;2;2012;422000
2;1.75;1340;1050;3;2009;360000
4;3.5;2720;3000;2;2014;790000
4;3.5;3030;5494;3;2014;799950
2;2;1140;690;2;2014;570000
4;2.5;2150;3600;2;2010;355000
3;2.5;1790;4065;2;2009;366000
3;2;1020;889;2;2009;280000
4;2.5;2680;4500;2;2011;379950
4;2.5;2643;5750;2;2012;376950
4;2.5;2220;5900;2;2014;652600
4;2.5;3000;5471;2;2013;540000
3;2.25;1552;3677;2;2012;264000
4;3;2460;9606;1;2012;280000
3;2.5;3190;6899;2;2014;814842
4;2.5;1600;9921;2;2009;270000
4;2.5;2980;4074;2;2011;480000
4;3;1530;8306;2;2010;260000
4;2.5;3250;6933;2;2009;535000
4;2.5;2640;5595;2;2011;387990
4;2.75;3260;4900;2;2013;565000
3;2.5;1740;3721;2;2009;257000
3;2.5;1680;1683;2;2014;629950
2;1.75;1210;1161;2;2014;395000
4;2.75;2840;4864;3;2014;779950
4;3.5;3310;6000;2;2010;885000
4;2.25;1870;5371;2;2009;293000
4;2.5;2500;8282;2;2013;620000
3;2;1840;3432;2;2012;467000
2;1.25;1230;1569;2;2009;540000
5;2.5;2870;4712;2;2014;760369
4;2.25;3070;9210;2;2010;664500
3;2;1380;3600;3;2015;350000
4;2.25;1964;3541;2;2013;342000
3;2.5;1509;1418;3;2014;410000
3;2.5;1680;1683;2;2014;629950
3;2.5;2010;3200;2;2009;625000
5;2.75;3460;7977;2;2011;858450
5;3;2730;9519;1;2014;559950
2;1.5;830;1034;2;2009;345000
4;2.5;2430;3249;2;2010;427500
3;2.5;2030;1800;3;2013;906000
2;2.25;1130;2191;2;2010;415000
3;2.5;2830;3750;3;2014;969950
3;3.25;1540;704;3;2011;742000
3;2.25;1860;1558;3;2014;539950
2;2.5;2170;6750;1;2012;765000
3;2.5;1980;4500;2;2012;317950
4;2.75;3555;6565;2;2014;895990
2;1.75;1140;936;2;2014;549900
3;2.5;2960;6856;2;2009;835000
2;1.75;950;15219;1;2009;515000
2;2.5;1230;987;2;2011;380000
2;2.25;1100;1114;2;2009;574000
5;3;3070;8474;2;2011;825000
3;1.75;1260;3604;1;2012;259000
4;2.5;3060;6000;2;2012;465000
3;3;1970;24318;1;2010;445000
3;2.25;1850;2575;2;2013;474950
5;2.75;3170;7062;2;2014;919950
3;2.5;2830;3750;3;2014;959000
5;3;2560;12480;1;2012;565000
3;3.25;2780;4002;2;2009;402500
4;3.5;3110;6829;2;2014;600600
5;3;2700;5001;2;2009;935000
3;2.5;1330;2183;3;2014;539950
3;2.5;1780;5015;2;2010;270000
3;3.5;3650;103672;1;2011;680000
3;3.5;1650;1577;2;2012;495000
4;2.5;2270;5000;2;2014;812000
4;3.25;2720;4000;2;2014;846000
4;3.25;3500;5960;2;2010;840000
5;3;2420;11250;2;2013;445000
4;2.5;1540;1870;2;2014;484998
2;2.25;1160;954;2;2014;555000
4;2.5;2470;4945;2;2012;669000
4;2.75;3250;10000;2;2014;689000
3;2.5;2780;11964;2;2009;825500
4;3;2793;5703;2;2009;421500
4;2.5;2970;5050;2;2014;855169
3;2.25;1480;1026;3;2014;580000
3;2.5;1870;5333;2;2012;377000
4;2.75;2475;4000;2;2014;329900
4;2.5;2950;7024;2;2012;921800
3;2.25;1410;905;3;2014;529500
4;2.5;2240;3712;2;2014;363990
5;2.75;3230;6500;2;2014;834950
3;2;2100;31550;1;2010;399000
3;2.25;1936;9495;1;2013;338900
4;2.5;2070;4270;2;2010;493000
3;2.5;2130;5205;2;2013;456000
3;2.25;1620;997;2.5;2010;425000
3;2.5;1490;2478;3;2009;348000
3;1;1300;6098;1;2013;155000
5;2.5;2340;4500;2;2009;429000
3;1.75;1410;1899;2;2014;267800
3;2.5;1930;8254;2;2014;369950
4;3.25;2950;4161;2;2014;839704
4;2.75;2620;6019;2;2013;499431
5;3.5;4890;12039;2;2014;865950
3;2.75;1740;5639;1;2010;280000
4;2.5;2575;4725;2;2011;359000
3;2.25;1420;1230;2;2009;425000
3;2.5;1920;144619;1;2014;465000
6;3.75;2930;14980;2;2013;915000
4;2.5;2310;7800;2;2011;375000
4;2.5;2020;5100;2;2010;319000
3;1.5;1270;1067;3;2009;325000
4;2.75;2790;8092;2;2013;505657
4;2.5;2320;4142;2;2010;340000
3;2.5;1750;6351;2;2012;250000
4;2.5;2030;4596;2;2014;349500
5;3.25;2710;2356;2;2013;715000
4;2.75;2520;8433;2;2014;689950
2;3;1570;1281;3;2014;657000
4;2.75;2475;4276;2;2014;319900
3;3.75;2260;2050;2;2010;532000
3;2.25;2940;6500;3;2014;885000
4;2.75;3010;7200;2;2014;839950
3;2.5;1584;3200;2;2011;263000
4;2.5;2420;5006;2;2013;505000
3;2.5;2393;4788;2;2012;400000
4;3.5;2970;6587;2;2014;549995
3;2.5;2329;5720;2;2010;327555
4;2.25;2580;2875;2;2015;673000
3;2.5;2029;3906;2;2014;384435
5;3.5;3220;5081;2;2013;950968
3;1.5;1072;4339;2;2009;250000
4;2.75;2790;5000;2;2014;484259
3;2.5;1800;4357;2;2013;450000
3;2.5;2280;4557;2;2010;450000
3;2.25;1570;1680;3;2014;660000
4;3.75;4120;8258;2;2012;949950
4;2.5;2540;5760;2;2009;759990
4;2.75;2050;4000;2;2014;355000
4;2.75;3080;7242;2;2014;889950
4;2.5;3170;5100;2;2012;745000
3;2.5;1090;1139;2;2009;335000
4;2.5;3230;5899;2;2012;569950
4;2.5;1785;2552;2;2009;282000
4;2;2340;9716;1;2009;385000
3;2.25;1620;1075;3;2009;420000
4;3;1984;4460;2;2012;292000
3;2.25;1640;1023;3;2014;645000
4;3.5;2730;5707;2;2011;489500
2;1;962;1992;2;2012;390000
4;3.5;3040;4006;2;2013;815000
3;3.5;2540;10578;2;2014;719000
4;2.5;2240;4800;2;2014;331210
5;4;3210;7200;2;2011;465000
4;2.5;1850;5388;2;2009;328000
4;2.5;3340;5314;2;2010;701000
3;2.75;2670;4800;2;2014;408000
3;2.5;3010;7014;2;2009;538000
5;3.5;3931;9497;2;2014;450000
3;2.5;1800;2700;2;2011;362500
3;2.5;2230;3939;2;2014;679950
2;2;1440;4666;1;2010;439950
4;2.5;2052;3723;2;2014;349900
5;2.5;2780;9272;2;2014;550000
2;2.25;1460;1851;2;2014;655000
6;4.5;3600;6110;2;2012;729999
2;2.5;980;895;2;2009;369000
3;2.5;1790;2700;2;2010;509900
3;2.5;2370;4200;2;2014;387865
4;2.75;2650;6717;2;2014;545000
3;1.75;1320;1014;3;2015;455000
4;2.75;3120;7644;2;2010;575000
3;2.25;1540;1270;3;2014;449950
3;2.5;1800;2790;2;2011;364000
4;2.5;3640;6389;2;2014;932990
4;4;3970;7314;2;2014;949990
3;2.5;2060;4200;2;2014;326989
3;2.5;2538;4600;2;2013;335606
4;2.75;3340;5700;2;2013;962000
2;2.5;1590;1679;2;2012;395825
5;2.75;2710;4500;2;2014;419354
4;2.5;2430;5000;2;2009;480000
3;2.5;1860;1290;2;2010;730000
3;3.25;1710;2171;2;2014;358990
4;2.5;2650;4120;2;2014;398651
4;2.5;2610;5562;2;2013;610360
4;2.75;3730;8014;2;2012;925000
4;2.5;3330;7399;2;2009;760000
3;2.25;1910;3481;2;2009;293000
2;2.5;2170;7665;1;2013;695000
3;2.5;2437;5136;2;2011;285000
3;2.5;1800;2791;2;2011;379900
4;2.5;2906;5893;2;2014;418395
4;2.75;3550;9400;2;2014;659950
3;2.25;1590;926;3;2014;484950
4;2.5;3250;4500;2;2009;519000
3;1.5;1240;983;3;2009;318000
3;2.5;1680;2801;2;2011;439000
4;2.5;3100;4699;2;2010;435000
3;2.5;2242;4800;2;2013;328000
3;2;1530;1442;3;2015;649000
4;2.5;2150;3143;2;2010;435000
3;2.5;2440;4800;2;2014;625000
3;2.25;1450;4706;2;2009;400000
3;2.5;2690;4047;3;2014;979000
4;3.5;2650;3474;2;2011;665000
5;4.5;4280;8465;2;2014;995500
3;3;2340;5002;2;2013;427874
4;2.5;2220;4228;2;2014;334990
4;2.75;3550;6558;2;2013;952990
2;1.75;1510;851;3;2013;622500
3;2.5;2040;13590;2;2009;350000
1;1.5;1120;912;3;2011;310000
4;2.5;3560;6786;2;2014;907687
2;2.5;2150;5760;1;2010;741500
3;2.5;2130;5088;2;2011;395000
5;2.75;2990;6370;2;2014;559950
4;2.5;2610;7227;2;2011;390000
4;2.5;2240;5500;2;2013;389950
3;2.25;1550;1485;3;2011;380000
3;3;2500;6000;2;2012;432500
3;2.5;1720;3012;2;2011;500000
3;2.25;1760;1146;3;2014;615000
5;3.5;4000;9234;2;2015;802945
3;2.5;1480;1531;3;2014;598950
3;2.5;1950;4949;2;2009;430000
4;2.75;2700;5150;2;2009;515000
4;3.5;2370;3692;2.5;2013;400000
5;1.5;3360;5402;2;2014;804995
4;3.25;3040;4155;2;2013;825000
4;2.5;2658;3960;2;2014;411605
3;3.25;1480;983;2;2013;315000
2;2;1350;1209;3;2013;455000
2;1.75;1270;1916;2;2012;340000
3;2.5;2655;5080;2;2013;409950
2;1.75;1728;95950;1;2012;730000
3;2.5;2570;4600;2;2014;339990
3;2;1560;1020;3;2014;515000
3;1.75;1630;1166;2;2013;541000
4;2.5;2223;5780;2;2010;320000
5;2.75;3050;7520;2;2014;740000
5;2.75;2710;6220;2;2014;450000
4;2.5;2090;4400;2;2011;455000
3;2.5;2500;51836;1;2013;650000
4;2.75;2740;7872;2;2015;530000
5;3.25;3360;6120;2;2014;829995
4;2.75;2280;5013;2;2009;395000
4;2.75;3520;5500;2;2014;859990
4;2.75;3410;5838;2;2012;743000
3;2.5;1427;4337;2;2009;260000
4;2.75;3250;5600;2;2011;570000
2;2.5;1680;975;3;2009;840000
3;2.5;2280;2296;3;2013;950000
3;2.5;3310;4682;2;2015;572800
4;3.5;3290;8059;2;2012;801000
4;2.5;2300;3825;2;2012;320000
4;3.25;2670;5001;1;2013;500000
4;2.5;2440;6651;2;2014;631625
4;3.25;3444;5166;2;2014;430236
4;2.5;2050;2772;2;2013;689500
3;1.5;1390;1882;2;2014;175003
4;2.5;2448;4949;2;2014;447055
3;2.75;2600;64626;1.5;2009;415000
4;2.5;2820;6120;2;2014;897000
3;2.25;1710;1193;2;2014;685000
3;2.25;1650;946;3;2014;619000
3;2.25;1489;2800;2;2011;260000
5;2.5;2690;5557;2;2012;279000
3;2.5;1600;6315;2;2013;287000
3;3;1520;1884;3;2009;399000
5;2.75;3250;8100;2;2014;718000
3;2.5;1480;1663;2;2012;341000
2;2.5;2380;9374;1;2011;818000
3;2.25;1640;1873;3;2014;759000
3;3.5;1650;2262;3;2010;547500
3;2.5;1200;813;3;2010;412000
4;2.5;3202;4964;2;2014;460940
3;2.25;1347;1292;3;2010;321000
4;3.5;2960;6000;2;2014;633634
5;3.5;4320;7502;2;2012;887250
3;2.5;2310;7348;1;2010;739000
3;2;1490;1286;3;2014;429900
3;2;1480;800;2;2014;459000
3;2.25;1481;2820;2;2012;240000
3;3;1730;1902;3;2014;566950
4;3.25;3230;4838;2;2014;572115
4;2.5;2311;4396;2;2014;399440
4;2.5;2544;4071;2;2013;415000
3;2.25;1430;800;2;2011;384000
3;2.5;3490;28213;1.5;2009;692000
3;2.5;2280;6031;2;2011;415000
4;2.5;3320;7429;2;2014;799950
4;3.5;2584;5005;2;2014;429900
3;2.5;2217;8019;2;2009;275000
3;2.5;2480;4136;2;2009;498000
3;2.5;2610;7256;2;2014;754950
4;3;3240;5562;2;2013;895000
4;3.25;3569;8327;2;2013;580000
4;2.5;3181;5831;2;2014;379900
4;2.5;1921;4888;2;2009;245000
3;2.5;1570;4926;2;2014;417000
3;2.5;1940;3211;2;2009;555000
3;2.5;1940;3211;2;2009;555000
4;2.5;2210;13721;2;2009;353000
4;2.5;2612;5850;2;2014;379950
3;2.5;2350;4975;2;2012;700000
3;2.5;1300;1590;2;2014;675000
3;2.5;1570;1433;3;2010;635000
3;2.25;1370;1007;3;2009;524000
4;3.5;3273;5115;2;2014;485000
3;3.5;1494;1262;3;2011;650000
3;2.5;2930;5641;2;2013;754842
4;2.5;2598;5553;2;2014;428900
3;2.5;2242;4995;2;2011;329900
4;2.5;2710;6937;2;2009;544999
4;2.75;2320;4344;2;2012;449950
3;1.75;1650;1180;3;2014;599000
4;2.5;2090;5040;2;2014;388000
4;3.5;3660;4903;2;2014;809950
2;2.5;1450;1213;2;2015;659000
4;3.75;3460;6738;2;2013;971971
4;2.5;2530;5048;2;2014;417838
3;2.5;1150;683;2;2013;335000
4;2.5;1714;3080;2;2009;307000
4;2.75;3650;4534;2;2014;550000
4;2.5;2990;6037;2;2013;594491
4;2.5;3284;6516;2;2014;460458
4;2.25;3550;13900;1;2010;859000
3;3;1860;2875;2;2009;399950
4;2.75;3270;12880;2;2014;939000
3;2.5;1580;3825;2;2011;375000
3;2;1460;3696;2;2010;392137
4;3.25;3266;5398;2;2014;424950
3;3.25;1680;1478;2;2009;399000
4;2.5;2880;3091;2;2014;635000
4;2.25;2240;5000;2;2013;635000
3;2.5;2594;4455;2;2012;351000
4;3.5;3760;5000;2;2014;919204
4;2.5;3600;6055;2;2014;923990
4;2.5;2050;2772;2;2012;639888
4;2.5;2580;3909;2;2013;899900
3;2.5;1670;4020;2;2009;252000
3;2.5;1280;1920;3;2009;552000
3;2.5;2160;1912;2;2014;629000
4;2.5;2180;7204;2;2014;734000
3;2.25;1490;1294;2;2010;309000
5;2.75;2481;4045;2;2014;309000
3;2.5;1730;3600;2;2014;328423
5;3.5;3160;5175;2;2014;660000
4;2.5;2260;5824;2;2011;379000
4;2.5;2310;7384;2;2010;310000
5;3.25;4130;7197;2;2012;995000
4;3;2050;4000;2;2014;370228
4;2.5;2050;4953;2;2014;383000
5;2.5;3190;8160;2;2014;865000
4;2.5;2040;5616;2;2012;502000
4;2.5;2650;6875;2;2014;569995
4;2.5;3430;64441;2;2013;749950
4;2.5;2730;4526;2;2009;440000
3;2.5;1880;5000;2;2010;261950
5;3.75;3090;4943;2;2010;551000
3;3.5;2460;14155;2;2014;665000
4;3.5;2910;5260;2;2012;610000
4;3.5;2910;5260;2;2012;645000
3;1.75;1930;6360;1;2013;536751
3;2.25;1413;3403;2;2009;260000
4;3.25;2880;5929;2.5;2014;429900
4;2.75;2360;15100;1;2014;535000
2;1.5;1190;801;3;2010;300500
5;2.5;3200;6455;2;2009;675000
3;2.5;2830;5831;2;2010;614000
4;2.5;2630;5701;2;2010;385000
4;2.75;3160;8097;2;2014;860000
5;2.75;2710;4685;2;2014;430760
2;2.5;2170;6361;1;2009;755000
3;3.25;1876;1531;3;2009;613500
4;2.5;3148;9612;2;2014;550000
4;3.25;3240;4852;2;2010;789500
5;3.5;3340;5000;2;2012;592000
4;2.5;2413;5701;2;2014;454950
4;2.5;2500;4500;2;2010;475000
2;1.75;1180;904;2;2014;659000
5;3;2230;6551;1;2014;347500
3;3.25;1450;1468;2;2009;380000
5;2.75;2930;7663;2;2013;718000
5;2.75;2710;4136;2;2014;515805
3;2.5;1800;3265;2;2014;437718
4;3.5;3640;4983;2;2014;895900
3;2.25;1520;1464;2;2010;380000
5;2.75;2730;5820;2;2014;565997
3;3.75;1580;1303;2;2010;550000
3;2.25;1490;1212;2;2011;735000
4;2.5;3060;7710;2;2009;588000
3;3.25;3240;4185;2;2011;724500
4;2.5;2547;4800;2;2014;392440
4;2.25;1834;7460;2;2012;280000
3;2.5;1730;3600;2;2014;329780
5;4.5;4000;6713;2;2015;771005
4;2.75;2620;6178;2;2013;475000
4;2.5;2490;5647;2;2014;778983
4;2.25;1800;2752;2;2014;338800
5;1.5;3360;5225;2;2014;834995
4;2.75;3130;9711;2;2014;649000
4;2.5;2720;4738;2;2012;545000
3;2.5;1741;5701;2;2012;300000
4;2.5;2220;3561;2;2014;349990
2;1.5;980;853;2;2009;378000
3;2.5;1950;4197;2;2013;313200
2;1.5;1110;986;2;2009;252500
3;2.5;1250;1150;2;2009;308000
4;2.5;2020;5501;2;2010;415000
4;3.5;3310;4850;2;2010;785000
4;2.5;2798;4473;2;2012;499950
4;2.5;2420;4981;2;2009;380000
4;2.5;2020;3600;2;2012;345000
3;2.5;1760;5390;1;2014;382495
4;2.5;2110;4178;2;2013;324950
4;2.5;2692;8392;2;2014;436472
3;2.25;1490;4522;2;2009;365250
5;3.25;3960;6352;2;2014;919990
4;2.5;1740;4642;2;2012;316475
4;2.5;1940;4517;1;2010;425000
3;2.5;1852;4000;2;2014;298000
4;4;5635;9695;2;2011;950000
3;2.5;1520;3041;2;2009;333000
3;2.5;2099;4275;2;2010;289950
3;2.25;1250;811;3;2014;419950
4;2.5;3216;5902;2;2014;498445
4;2.5;2970;4400;2;2014;775950
4;2.75;3300;4987;2;2014;849990
3;2.25;1590;929;2;2014;665000
4;3.5;3600;5697;2;2014;870515
4;2.5;2154;4153;2;2012;390000
3;1.75;1530;825;3;2015;500000
4;2.5;1660;6724;2;2009;255000
4;2.5;2891;6499;2;2014;415000
3;2.5;2340;2155;2;2012;716500
3;2.5;2320;2267;3;2009;425000
4;2.5;2190;3855;2;2010;540000
3;2.5;2060;4742;2;2014;324747
3;2.5;1740;4145;2;2010;385000
3;2.25;1400;3825;2;2012;270000
3;2.5;1760;10137;2;2010;310000
3;2.5;1860;3730;2;2012;309620
4;2.5;2701;4500;2;2014;399895
4;2.5;2930;4875;2;2014;442515
3;2.25;1540;1561;3;2010;375000
3;2.5;2242;4500;2;2014;309780
3;2.5;2060;5115;2;2014;356250
3;2.25;1230;875;3;2013;550000
4;2.5;2245;4301;2;2014;362865
4;3.5;2890;5911;2;2014;855000
4;3.5;2260;30250;2;2013;400200
3;2;1640;4714;1;2009;349950
4;2.75;3510;9400;2;2014;659950
3;2.75;3010;1842;2;2011;785000
3;2.5;1658;2700;2;2014;263900
3;2.5;1960;3540;2;2012;342000
3;2.5;2420;4725;2;2014;367899
3;3.5;3420;23786;1.5;2014;657044
4;2.75;3020;7203;2;2014;879950
4;2.5;2470;5954;2;2013;550000
4;2.5;2009;4800;2;2012;279000
3;1.75;1590;1113;3;2014;609500
5;3;2630;3149;2;2013;420000
3;2.25;1430;2343;2;2012;439000
3;2.5;2242;5744;2;2012;310000
4;2.5;2500;4000;2;2014;635000
3;2.5;1230;922;2;2009;399950
4;2.5;3020;3600;2.5;2009;805000
3;2.5;1910;2091;2;2014;494815
3;2.75;3230;5250;2;2014;591975
5;2.75;3380;8179;2;2011;600000
3;2.75;2830;3496;2;2012;673000
5;3.5;3700;7055;2;2014;889950
3;2;1640;4802;1;2010;342000
3;1.5;1450;4694;2;2011;274000
5;2.75;2670;4780;2;2013;480000
3;2.75;2130;1400;2;2010;539000
5;2.75;3078;6371;2;2014;459950
3;2.5;1800;2731;2;2014;408474
3;1.5;1270;2356;2;2012;160797
4;3.5;3065;5440;3;2014;729000
4;2.75;2260;5705;2;2014;359950
5;3.25;4150;7100;2;2013;929000
2;2.5;1500;1174;2;2014;529950
3;2.25;1620;998;2.5;2012;461000
3;2.25;1240;1250;3;2014;529950
3;1.75;1630;1526;3;2014;609000
3;2.25;1584;2800;2;2012;267000
4;2.5;2840;4500;2;2012;557000
3;2.5;1730;1301;3;2011;625000
3;2.75;1840;2060;2;2013;599000
4;2.5;2110;3825;2;2012;324500
3;2.5;2430;5866;2;2009;471500
4;3.5;3500;43560;2;2014;998000
4;3.5;3350;6350;2;2009;844000
4;2.5;2440;4850;2;2013;745641
3;2.5;2060;4200;2;2014;339989
2;2.5;1570;2399;2;2009;352500
5;3.5;2815;4900;2;2011;491000
4;2.5;2620;6114;2;2011;675000
2;1.75;1270;1685;2;2012;335000
3;2.5;1580;3075;2;2013;379000
3;1.75;1420;1361;2;2014;294000
4;2.5;2650;4644;2;2013;731500
5;2.75;3030;7679;2;2014;837219
3;2.75;2670;3738;1;2013;798800
3;2.5;2700;6947;2;2013;950000
3;2.5;2540;5237;2;2011;489950
3;2.5;2730;7136;2;2012;510000
4;2.5;3172;5033;2;2014;432500
4;3.5;2780;3100;2;2014;870000
4;3.5;3860;6543;2;2014;900000
2;1.75;1180;900;2;2014;664950
5;3;3223;6371;2;2014;479349
4;3.25;2600;2074;2;2011;661000
3;2.25;1620;998;2.5;2010;415000
3;2.5;1280;1889;3;2009;540000
4;2.5;2890;6322;2;2011;416000
3;2.5;1580;2765;2;2011;349900
3;2.25;1530;1245;2;2014;465000
4;2.25;1850;2340;2.5;2014;496800
4;2.5;2440;6581;2;2014;680000
4;3.25;2190;4265;2;2015;920000
4;2.5;3340;6924;2;2009;576000
4;2.5;2480;4334;2;2012;399000
4;2.75;2760;5670;2;2014;847093
3;2.5;1510;1493;3;2014;599950
4;2.75;2475;4000;2;2014;319900
3;2.5;1608;4818;2;2012;280000
2;2.25;1300;2104;2;2011;394950
4;3.5;2530;3000;2;2014;382000
3;2.25;1640;1204;3;2014;772000
4;2.5;2229;5723;2;2012;324950
3;2.5;1790;3078;2;2010;530000
3;2.25;990;736;2.5;2009;384000
5;2.75;3240;6863;2;2013;719950
5;3.75;3760;4702;2;2014;799950
2;2.5;1320;1157;2;2014;499000
4;2.75;2700;7992;2;2012;572000
3;2.25;1410;905;3;2014;529500
2;2.5;1950;2457;3;2009;565000
4;2.75;3340;5677;2;2011;799000
3;2.5;1930;6604;2;2014;550000
4;4.5;3720;7746;2;2014;960000
3;2.25;1489;2800;2;2012;265000
3;2.5;2075;39553;1;2012;430000
3;2.5;1413;3600;2;2011;286800
3;3.25;1480;983;2;2013;312500
4;2.75;3320;5559;2;2012;850000
3;2.5;1180;932;3;2010;455000
2;2;1190;1303;2;2009;455000
3;3.5;1710;2212;2;2013;362500
4;3.5;3510;6005;2;2010;540000
3;1.75;1140;1165;2;2014;230000
4;2.5;2560;5102;2;2013;379500
2;1.75;1290;1624;2;2014;258800
2;2.5;1630;1368;2;2009;295000
4;2.75;3530;6844;2;2014;908990
4;2.5;2714;12558;2;2014;485230
3;3;2230;1407;2.5;2013;635000
3;2.5;1380;1590;2;2012;350000
3;3.5;1320;1161;3;2010;345000
2;2;1490;713;3;2014;700000
2;2.5;1280;1051;2;2009;579000
4;2.75;2170;5024;2;2012;467000
4;2.25;1763;3717;2;2012;305000
4;2.5;1840;4593;2;2010;429000
3;2;1820;1358;3;2014;479950
3;3.5;2670;3000;2;2014;825000
3;2.25;1400;3814;2;2012;250000
3;2.5;1400;3368;2;2013;265000
2;2.5;1680;1240;2;2014;653500
4;2.5;2550;4500;2;2009;415000
3;2.5;1550;3402;2;2009;273500
4;2.5;4150;8436;2;2014;969990
4;2.5;2130;4000;2;2014;392000
4;2.5;2502;8306;2;2013;453000
4;2.5;2350;3800;2;2014;469995
4;2.5;3310;6500;2;2012;555000
4;2.5;2230;4952;2;2011;297000
4;2.75;3110;6050;2;2014;799990
3;2.5;1960;3060;2;2010;732000
3;2.5;2424;5931;2;2014;375000
3;2.5;1880;6008;2;2009;284000
2;2;1210;740;2;2014;610000
4;3.25;3720;6765;2;2012;955000
4;2.75;3610;8580;2;2014;982000
5;2.5;2590;7084;2;2014;779380
3;3;2290;1407;2.5;2014;635000
5;2.5;2170;2752;2;2014;359800
3;3;1296;1051;3;2009;399950
3;3.25;1530;1602;2;2013;320000
3;2.5;1489;3266;2;2014;255900
4;2.5;2130;4467;2;2014;380000
3;2.75;1430;1521;2;2009;580000
4;3.25;3450;6184;2;2014;852880
4;2.5;1914;3150;2;2009;305000
3;2.25;1584;2800;2;2012;261000
4;3.25;3520;5250;2;2012;795000
3;1.75;1410;1197;3;2012;500000
4;3.5;3220;5741;2;2013;640000
4;3.25;3266;5969;2;2014;418000
4;3.5;3828;18900;2.5;2014;552900
3;2.25;1670;1596;3;2014;539950
4;2.5;3056;11385;2;2014;524225
5;3;3490;6091;2;2009;715000
3;3;1370;1001;3;2009;327000
6;4;3180;6551;2;2014;859950
3;2.5;1800;2792;2;2011;379900
3;2.5;2370;5321;2;2014;398096
4;3.5;3640;6049;2;2014;939000
4;2.5;2267;3577;2;2014;306000
2;1;1131;1304;3;2011;394950
3;3.5;2940;6431;2;2014;914154
3;2.5;2180;4533;2;2010;496000
3;2.25;1400;1078;2;2009;430100
4;2.5;2680;5539;2;2013;449990
4;2.5;2680;5539;2;2013;502000
4;3.5;2796;3520;2.5;2013;349950
4;3.5;3930;5680;2;2013;828950
3;2.5;1608;4000;2;2014;274950
4;2.5;1710;3500;2;2014;282900
5;3.75;3050;8972;2;2014;909950
4;3.5;3560;4951;2;2014;922755
3;2.5;3490;12410;2;2009;630000
3;2;1670;4441;1;2014;256703
3;2.5;1720;3600;2;2010;386380
2;2;1510;3961;1;2010;485000
3;2.25;1450;4040;2;2010;275000
4;2.5;1812;5026;2;2011;370000
3;2.5;1600;3073;3;2009;502000
4;2.25;2070;1230;3;2013;575000
4;2.75;2630;4501;2;2015;619990
4;2.5;2233;6025;2;2012;317500
4;2.75;2990;4521;2;2014;564950
2;1.25;1240;2150;2;2014;545000
4;3;2290;5105;2;2012;530000
2;1.75;1120;758;2;2012;305000
5;3.5;2420;4670;2;2013;380000
4;2.5;1714;3250;2;2010;305000
4;2.5;2230;5650;2;2011;440000
4;3;2530;10000;2;2013;459000
4;2.75;3110;11225;2;2012;600000
3;1.75;1630;1404;2;2014;540000
3;2.5;1320;955;3;2009;285000
3;2.5;1590;1431;2;2010;480000
3;3.5;3390;10078;2;2012;750000
3;3.5;1900;2133;2;2009;420000
4;3.25;3420;6752;2;2012;635000
4;2.5;2110;5306;2;2012;380000
2;2.25;1240;705;2;2009;352499
4;2.5;2310;5100;2;2013;685000
3;2.5;1578;7340;2;2010;259950
3;2;1720;15000;1;2011;441000
3;2.25;1460;1353;2;2012;497000
3;2.5;1930;4000;2;2014;345500
2;2.25;860;696;2;2009;345000
3;2.5;2424;6143;2;2014;391500
2;2.25;1280;835;2;2009;370000
3;2.5;1852;4000;2;2014;298900
4;3.5;3190;31450;2;2010;790000
3;2;2360;6145;1;2011;348000
5;2.5;2460;5604;2;2011;358000
5;3.5;4750;8234;2;2013;770000
4;3.25;2760;4104;2;2014;641000
5;2.5;2990;9240;2;2015;357000
3;2;2260;7163;1;2012;479950
4;3.5;3400;5196;2;2012;660000
3;2;1239;6036;1;2009;253101
3;3.5;2100;2479;2;2011;555000
4;3.25;2690;3995;2;2014;760000
4;2.5;2750;7200;2;2011;430000
3;2.5;2450;4332;2;2010;660000
4;2.5;2620;4050;2;2014;399963
4;2.75;2790;5527;2;2014;483453
3;2;1820;1357;3;2014;469950
4;2.75;2910;7467;2;2013;504058
4;2.5;2568;5000;2;2014;425996
4;2.75;3090;5859;2;2010;760005
2;2;1460;1085;2;2014;699999
3;2.5;2010;2263;2;2014;749950
3;2.5;1528;7616;2;2011;272000
3;2.25;1760;2122;3;2015;643950
4;2.5;2628;11466;2;2014;499160
4;2.5;2520;4831;2;2009;536000
5;3.5;2880;5000;2;2012;419900
3;2.25;1440;1362;3;2014;469000
3;2.5;2185;6042;2;2009;374000
4;1.5;1500;2106;2;2014;182568
3;2.5;1769;7324;2;2012;334888
4;4;3650;18223;2;2013;799900
4;2.5;2160;6223;2;2010;383000
3;2.5;2370;4200;2;2014;351999
3;2.5;1780;4077;2;2011;312000
4;3.5;2650;3127;2;2011;674950
3;2.5;1390;2450;2;2009;208800
5;2.75;2940;5225;2;2010;837000
5;3.5;3190;4247;2;2013;780000
3;2.5;2420;4725;2;2014;369946
3;2.75;3400;7200;2;2009;530000
4;2.5;2478;6079;2;2012;386000
4;3.5;3200;7605;2;2013;735000
3;2.25;1590;926;3;2014;489950
4;2.5;2303;3680;2;2013;329995
3;2.5;1790;3754;2;2013;414000
4;2.5;2669;5385;2;2014;402395
2;1.75;1290;1493;2;2014;239800
5;3.5;3560;5008;2;2013;616950
3;2.25;1230;1238;2;2009;435000
4;2.5;1912;5000;2;2012;353000
3;2.5;2828;4050;2;2013;367000
4;2.5;2425;9017;2;2013;447500
4;3.25;3730;4560;2;2015;595000
1;1;730;1942;1;2009;325000
4;2.5;2560;7492;2;2014;399500
2;1.5;1440;725;2;2011;427000
3;2.5;2620;43832;2;2013;750000
3;2.5;1690;1200;2;2014;336900
2;2.75;1950;1610;3;2009;555000
4;3.5;3310;4684;2;2014;999950
5;3;2620;5477;2;2009;975000
3;2.25;1350;3582;2;2010;299000
3;2.5;1890;6500;2;2012;409000
3;3;1950;1833;3;2009;798500
6;2.25;3206;5793;2;2012;375000
4;3.5;4130;77832;2;2011;775000
5;3;2800;5700;2;2014;639983
4;3;1984;4419;2;2010;300000
4;2.5;2750;11830;2;2014;627000
3;2.75;1740;5757;1;2010;275000
4;2.25;1800;2752;2;2014;352800
4;2.25;2030;2222;2;2015;765000
4;2.5;2820;6983;2;2013;457000
5;2.5;2540;5100;2;2014;355000
4;2.5;1900;2766;2;2014;425000
3;2.25;1450;4050;2;2010;274500
3;2.25;1490;974;2;2009;312000
3;2.5;2150;4332;2;2013;410000
4;3.25;1690;1321;2;2014;519990
4;2.75;2790;8853;2;2013;533112
3;2;1936;6612;2;2014;274900
2;2.25;1150;711;2;2013;325000
4;2.5;2040;22653;2;2011;350000
4;2.5;1890;4158;2;2014;311850
4;2.5;2250;5306;2;2012;375000
3;2.5;2056;3564;2;2014;303000
2;2.5;1160;1458;2;2012;525000
3;2.5;2456;7566;2;2012;329950
2;2.5;1320;1157;2;2014;499950
3;2;1650;5027;1.5;2009;400000
3;3;1670;4440;1;2014;246950
4;2.5;2660;4082;2;2010;287000
3;2.25;1620;1062;3;2014;490000
3;1.75;1300;958;2;2011;330000
4;2.5;1610;4052;2;2013;286950
3;3;1730;1755;3;2014;577450
5;2.75;2400;4900;2;2011;405000
3;2.5;1420;1237;3;2014;510000
3;2.5;1580;2407;2;2013;375000
4;2.5;1934;5677;2;2013;280000
3;1.5;1220;962;3;2014;500000
3;2.75;2450;5750;2;2013;605000
3;2;1280;960;2;2014;549900
3;2.5;3192;5653;2;2014;427000
2;2.5;1590;1426;2;2014;419190
3;2.5;2870;7288;2;2012;650000
4;2.75;1830;3420;2;2012;269800
4;2.5;2927;6000;2;2011;407000
3;2.5;1720;3581;2;2011;389700
3;1.5;1040;1264;2;2015;230000
4;2.75;2790;6685;2;2014;533380
3;2.5;1410;1332;2;2014;295500
3;2.5;1660;3990;2;2009;324500
3;2.5;2529;9653;2;2012;370950
4;2.75;3540;5500;2;2014;888990
3;2.5;1580;1321;2;2014;705000
3;2.5;1700;2250;2;2014;268000
3;2.5;1600;3573;2;2013;305450
2;1.75;1410;1005;1.5;2011;399900
3;1.5;1580;1228;3;2014;495000
3;3.5;3940;11632;2;2014;857326
5;2.75;4450;9600;2;2014;845950
4;2.5;2009;5000;2;2014;303210
6;5;2732;7655;2;2009;343000
5;3.5;2815;5619;2;2012;477500
5;3.25;3030;7410;2;2014;580000
3;2.5;2490;4540;2.5;2012;414000
3;2.5;3030;4500;2;2009;525000
3;2.25;1620;997;2.5;2012;450000
4;2.5;2580;3943;2;2013;899000
4;3;2050;4000;2;2014;353500
3;2.5;2430;5867;2;2011;485000
4;3.25;3060;3898;2;2014;782900
3;2.5;1800;3168;2;2014;409316
3;2.5;2370;4200;2;2014;388598
4;2.5;3560;5265;3;2014;882566
3;2.75;2130;1400;2;2010;525000
3;3;2840;7201;2;2014;589410
4;2.5;3420;6845;2;2009;757500
3;2.5;1660;4083;2;2013;284000
2;2.25;1150;711;2;2013;338500
3;2.5;1860;5025;2;2010;294900
3;2.5;1509;1114;3;2014;420000
3;2.5;2350;3798;2;2013;740000
5;3.5;4495;10079;2;2013;870000
3;2.5;1580;991;3;2009;727000
4;3;2750;7965;2;2012;395000
4;2.5;3340;8384;2;2014;810000
3;2.5;1850;3400;2;2010;359782
2;2.5;1950;2162;2;2012;500000
5;4;3040;6000;2;2011;605000
4;2.5;2110;3825;2;2013;327000
2;1;780;1133;2;2009;370000
4;2.5;2420;8404;2;2013;365000
4;2.5;1987;6000;2;2011;255000
4;2.5;2810;4500;2;2014;518380
4;2.5;2500;4945;2;2013;575000
4;3.5;3906;9674;2;2014;549950
3;2.5;2700;5764;2;2014;775900
4;2.5;3361;5038;2;2014;471275
4;2.25;1610;3560;2;2010;288000
4;3.5;3830;7150;2;2014;989990
5;3;3190;7081;1;2013;664950
4;3.25;3250;5478;2;2014;699188
3;2.25;1490;4539;2;2009;390000
5;2.75;3360;12080;2;2014;769995
4;2.5;2578;4554;2;2014;400950
4;2.5;2640;4725;2;2014;389517
3;1.75;1260;1133;2;2011;255000
5;3.25;3340;4900;2;2014;637850
4;2.5;2840;6284;2;2013;636230
3;2.5;1530;1131;3;2009;375000
4;2.5;2090;3777;2;2012;374950
3;2.5;1960;1477;2;2012;300000
5;3.5;2738;6031;2;2014;395950
4;2.5;3691;11088;2;2013;800000
3;2.5;2340;5171;2;2013;439990
4;3.5;2510;3763;2;2013;680000
3;2.5;1650;4777;2;2013;424950
2;2.25;1061;2884;2;2013;223990
4;2.5;3402;14355;2;2014;498000
4;2.5;2542;6120;2;2014;359950
3;2.5;1660;4898;2;2011;295000
3;2.5;1770;5000;2;2009;255500
4;2.5;1889;6000;2;2012;277950
4;2.75;3420;6787;2;2010;780000
3;2.5;1740;3043;2;2012;447000
4;2.5;2450;4247;2;2013;712198
3;1.5;1190;785;2;2014;277140
5;3.5;3440;6037;2;2014;598992
3;2.5;2160;1250;3;2010;585000
4;2.5;2250;3916;2;2014;333490
3;3.25;1540;1487;2;2011;520000
2;2.25;1240;705;2;2009;315000
5;3.5;2760;3865;2.5;2013;424950
3;2.25;1580;1487;3;2013;542300
3;3.25;1480;1192;2;2013;320000
4;2.5;1950;5000;2;2012;425000
3;3;1530;1568;3;2012;474950
3;2.5;1820;4200;2;2014;307635
3;2.5;2760;6187;2;2014;834538
5;2.75;3010;5398;2;2014;769995
4;2.5;2490;6537;2;2013;595500
3;2;1451;7159;1;2010;300000
5;3.25;2910;5027;2;2013;515000
3;2.5;1280;1845;3;2009;545000
3;1.75;1410;2052;2;2014;279800
4;2.5;3250;13360;2;2014;486940
4;2.75;3030;6625;2;2011;525000
4;2.5;1983;6002;2;2012;345000
3;2.5;2313;5700;2;2011;370000
3;2.5;2000;3837;2;2011;515000
2;1.75;1150;698;2;2013;346100
3;2.25;1481;2820;2;2012;250000
5;3.25;3480;6507;2;2014;864327
4;3.25;3430;9870;2;2014;749995
5;4;4100;8120;2;2011;950000
3;2.25;1620;1057;3;2009;450000
4;2.5;2910;4356;3;2010;915000
4;2.5;2701;5821;2;2013;270000
2;2.5;1380;889;2;2012;294000
3;2.5;2050;4185;2;2011;700000
3;2.5;1610;3600;2;2010;415000
3;2.5;2680;5539;2;2013;459990
4;3.5;3560;6562;2;2014;882990
3;2;1824;7120;1;2010;375900
3;2.5;2220;2873;2;2012;654000
3;2.5;1322;6006;2;2009;215000
4;3.5;3460;7702;2;2010;855000
4;2.5;2650;6884;2;2012;734990
4;2.5;2580;3436;2;2013;880000
4;3;2650;4924;2;2011;525000
3;1.75;1470;873;3;2009;687015
3;2.5;1650;2787;2;2014;433190
3;2.5;1608;4800;2;2013;279950
2;2.5;1620;3795;2;2014;272167
3;2.5;1950;3600;2;2010;298000
3;3;2230;1407;2.5;2014;646800
4;2.5;1880;3853;2;2010;530200
2;2.5;1320;1395;2;2014;529000
3;2.5;2920;9096;2;2013;675900
3;3.25;1550;1280;2;2013;570000
4;2.5;2301;6452;2;2010;375500
3;2.75;2240;3360;2;2014;450000
3;1.75;1370;1990;3;2014;720000
4;3.25;2510;5311;2;2009;450800
2;2.25;1210;1267;2;2010;461100
4;2.5;3274;4950;2;2014;478830
4;2.25;3300;8365;3;2014;760000
3;1.5;1680;8000;1.5;2012;425000
3;3;1950;1983;3;2009;785000
5;3.25;3090;7069;2;2012;615000
3;2.5;1950;3825;2;2013;309000
3;2;1108;1128;3;2009;369500
3;1.75;1590;1322;2;2014;465000
4;2.75;3010;7215;2;2014;879950
3;2;1330;1042;2;2014;372000
3;2.5;1550;3569;2;2011;259000
3;3;2230;1407;2.5;2014;635000
4;3.25;2864;8035;3;2014;380000
4;2.5;2716;7850;2;2014;452000
3;2.5;1750;4076;2;2013;312000
5;3;3223;6371;2;2014;469950
5;2.5;2600;4284;2;2014;775000
4;2.75;3320;8653;2;2014;679990
3;2.5;1572;4000;2;2013;299000
4;2.5;2300;4482;2;2013;332000
3;1.75;1458;858;2;2014;620000
4;3;3640;5096;2;2010;630000
4;2.75;2790;7803;2;2013;485000
4;2.5;2632;4117;2;2013;349950
4;2.75;2910;6334;2;2013;499990
3;2.5;2310;4729;2;2011;494000
3;2.5;2370;5353;2;2009;429900
4;2;1870;6551;1;2009;272000
3;2.5;1770;1714;3;2012;671500
4;2.5;3281;5354;2;2014;471835
3;2;1670;4438;1;2014;249950
5;3.5;2760;3846;2.5;2013;424950
4;2.5;2990;7928;2;2011;440000
2;3;1650;960;3;2015;559000
4;2.75;2656;21195;2;2014;495000
3;2.5;2230;4850;2;2014;722000
4;2.5;2798;5085;2;2011;440000
4;2.5;2350;3760;2;2014;459995
3;2.25;1580;920;3;2015;389950
3;3.25;1450;1387;2;2013;320000
4;2.5;1750;4779;2;2009;415500
4;2.5;1867;15314;2;2013;378950
4;2.75;2475;4000;2;2014;335900
2;1.75;1110;1773;2;2014;229800
3;3.25;1560;1345;2;2009;448000
4;2.5;2510;5436;2;2011;706000
4;4.75;4150;6303;3;2014;988990
3;3;1660;1849;3;2013;716000
2;1.5;1090;847;3;2009;319000
4;2.5;1914;3272;2;2009;300000
5;2.5;2340;5670;2;2009;392000
4;3.5;2660;5690;2;2014;549995
3;2.5;2410;4656;2;2009;480000
3;2.25;1430;4777;2;2010;355000
5;2.75;3010;4919;2;2014;831548
4;2.5;1613;4338;2;2009;279500
4;2.5;2550;5200;2;2009;435000
5;3.5;3240;6919;2;2014;612995
4;2.5;2710;9248;2;2011;540000
3;2.25;1860;1386;3;2014;799950
3;2.5;1810;1585;3;2014;579950
2;2.5;1640;1953;2;2014;669000
4;2.5;2510;4349;2;2010;490000
2;2.5;1680;977;3;2009;935000
5;3.5;3420;6403;2;2013;641000
4;2.75;3010;6854;2;2012;625000
5;3.5;3630;4911;2;2014;834950
4;3.25;2840;4000;2;2014;535000
4;2.5;3130;10849;2;2013;999000
3;2.5;1440;1102;3;2009;375000
4;2.5;2623;7184;2;2012;333000
2;1;894;1552;2;2011;403000
4;2.5;3370;4934;2;2014;559630
3;2.5;2000;4500;2;2010;417000
5;2.75;3180;9255;2;2014;895950
4;2.75;3050;4750;2;2014;563950
4;3.5;2950;3737;2;2012;825750
3;2.5;1690;1760;2;2014;338000
4;2.75;2790;6969;2;2012;535365
3;2.25;1720;5234;2;2011;608000
3;2.25;2890;5000;3;2014;930000
4;2.5;3390;7870;2;2014;495000
4;2.5;3570;6054;2;2014;928990
4;3;2590;6160;2;2014;519995
5;2.75;3210;8001;2;2014;924000
3;2;1230;3405;1;2010;295000
4;2.25;2510;4090;2;2012;410000
3;2.25;1450;4667;2;2009;382000
4;2.5;2720;5771;2;2015;455950
3;2.25;1606;1452;3;2009;417250
5;3.5;4460;2975;3;2015;490000
4;3.25;2800;5291;2;2011;325000
5;3.5;3250;4800;2;2010;705000
2;1.5;1240;1101;2;2009;403000
3;2.5;1800;1120;2;2011;391000
4;2.5;2650;5600;2;2014;542525
4;2.75;2620;7001;2;2012;499990
3;3.5;1660;2298;2;2009;608000
4;2.5;2130;4028;2;2014;392000
3;1.75;1410;1988;2;2014;274800
4;2.5;2190;4866;2;2009;418500
3;2.5;2244;4079;2;2012;269950
3;2.5;2026;7611;2;2010;358000
3;2.5;1730;4086;2;2013;350000
3;2.5;1580;1487;3;2009;779000
4;3.5;3060;4573;2;2012;775000
3;2.5;1980;4500;2;2012;317750
2;1;980;1179;2;2010;438000
4;3.25;3080;4287;2;2012;830000
4;2.5;2200;6400;2;2010;460000
3;2.5;2238;7209;2;2011;330000
4;2.5;2590;6474;2;2014;569888
3;2.5;2517;3900;2;2014;353900
5;3;2230;8642;1;2014;334950
4;2.75;3140;7928;2;2013;869950
3;3.5;3350;5025;2;2014;557500
4;2.5;2245;4330;2;2014;389990
4;2.75;2810;5497;2;2011;750000
2;2.25;1630;1686;2;2014;729999
3;2.5;1740;4497;2;2012;299950
3;2.5;1070;1089;2;2009;386950
5;3.25;4100;7578;2;2011;890000
4;2.5;2708;4772;2;2014;436952
3;2.5;1800;2700;2;2011;365000
3;2.5;2230;4006;2;2014;700000
4;3.5;2490;5500;2;2015;899000
5;2.75;2670;3800;2;2014;494995
3;2.5;1970;6295;2;2011;530000
3;2.5;2010;3300;2;2014;639000
4;2.5;3950;10856;3;2013;914500
3;2;1870;5300;1;2009;580000
4;2.75;2810;5046;2;2014;531155
3;2.5;1950;5689;2;2009;425000
4;2.5;2210;4861;2;2013;650000
3;1.75;1600;4888;1;2014;239950
3;2.5;1480;1590;2;2010;315000
3;3;2330;1944;2.5;2014;669950
4;2.5;2330;4907;2;2013;337500
5;2.5;2170;2752;2;2014;359800
3;2.5;1520;3003;2;2009;330000
3;2.75;3230;5200;2;2014;599832
5;3;2300;8214;2;2013;312891
3;2.5;1750;1548;3;2013;495000
5;2.75;3030;10335;2;2013;819995
4;2.75;3220;9825;2;2012;579000
5;2.75;3170;8093;2;2014;890776
3;1.75;2340;7724;1;2010;529000
3;2.25;1620;1425;3;2009;484000
3;2.5;2420;6847;2;2009;649950
3;4.5;3850;62726;2;2013;915000
3;1.75;1630;1500;3;2014;610000
5;3.5;4200;5400;2;2012;850000
3;2.5;1510;1618;2.5;2011;453000
4;3.5;2340;2810;2;2011;735000
2;2.5;1830;1988;2;2011;600000
4;2.5;2790;5602;2;2009;505000
4;2.5;3570;6218;2;2014;942990
3;2.25;1230;1097;3;2009;440000
6;3;2390;4000;2;2014;462500
4;2.75;2460;8643;2;2011;579950
3;2.25;1610;3764;2;2012;290000
3;1.75;1650;1180;3;2014;599000
4;2.5;2380;5737;2;2010;332000
2;2.25;1170;1011;2;2009;336750
4;2.5;2531;6843;2;2013;370000
3;2.25;1333;1470;3;2009;338500
4;3.25;2630;7770;2;2014;715000
3;2.5;3030;9053;2;2009;509900
2;2;1490;1627;2;2009;327000
3;2;1260;1125;2;2011;249000
1;1.25;1100;638;3;2014;516500
3;2.5;2198;6222;2;2010;388000
3;2.25;1230;1380;3;2013;549000
3;2.5;1410;1250;2;2010;530000
3;2.5;2110;1339;2;2014;747450
2;2.5;1590;2656;2;2009;305000
5;2.75;3080;5752;2;2014;579950
4;2.75;2260;4440;2;2014;341780
3;3.25;1540;1428;3;2013;690000
4;3.5;2850;5577;2;2014;608500
3;1.75;1140;1201;2;2014;230000
4;3.5;3070;4684;2;2009;785000
3;3;1680;1570;3;2014;610950
3;2.5;3087;5002;2;2014;399950
4;3.25;1900;2631;2;2014;579000
2;1.5;940;1768;2;2009;362500
3;3;2780;6000;2;2013;594866
3;3;2780;6000;2;2013;625000
3;2.5;1870;5000;2;2009;270000
2;2.5;1430;1201;3;2009;505000
3;2.5;2540;4760;2;2010;347500
4;2.75;2770;3852;2;2014;572000
5;2.75;3600;9437;2;2014;679950
4;2.5;3118;7866;2;2014;541800
3;1.75;1500;11968;1;2014;224000
3;2;1490;1126;3;2014;429000
4;2.5;2520;6023;2;2014;610685
3;2.5;1530;1131;3;2009;360000
4;2.5;2310;5813;2;2014;400000
2;0.75;1020;1350;2;2009;402101
